# diameter, n_atoms, mu, sigma
4.213586,5.000000,0.000898,0.000513
8.068403,23.000000,0.001071,0.000089
10.603959,47.000000,0.001423,0.000221
12.640759,77.000000,0.002722,0.000204
15.952379,161.000000,0.010521,0.000906
17.373060,185.000000,0.014373,0.001254
18.686039,287.000000,0.029338,0.001293
21.067930,383.000000,0.055020,0.004593
