# diameter, n_atoms, mu, sigma
4.213586,5.000000,0.052513,0.154365
8.068403,23.000000,0.001234,0.000205
10.603959,47.000000,0.001219,0.000204
12.640759,77.000000,0.001342,0.000105
15.952379,161.000000,0.003204,0.000041
17.373060,185.000000,0.003914,0.000149
18.686039,287.000000,0.008507,0.000574
21.067930,383.000000,0.013687,0.000430
