# diameter, n_atoms, mu, sigma
4.213586,5.000000,0.000498,0.000069
8.068403,23.000000,0.001293,0.000078
10.603959,47.000000,0.003671,0.000119
12.640759,77.000000,0.009268,0.000101
15.952379,161.000000,0.038148,0.001169
17.373060,185.000000,0.049623,0.001767
18.686039,287.000000,0.119409,0.003780
21.067930,383.000000,0.211440,0.003385
