# diameter, n_atoms, mu, sigma
4.213586,5.000000,0.000700,0.000415
8.068403,23.000000,0.001456,0.000088
10.603959,47.000000,0.004030,0.000025
12.640759,77.000000,0.009765,0.000441
15.952379,161.000000,0.038989,0.001225
17.373060,185.000000,0.050135,0.000977
18.686039,287.000000,0.122994,0.003120
21.067930,383.000000,0.213805,0.002892
